date,time,lat,lon,alt,x_gyro,y_gyro,z_gyro,x_acc,y_acc,z_acc,north,east,down,pitch,yaw,roll,wind_speed,wind_direction
2020-06-15,17:33:08,22.9021756,120.2733492,0.039,0,0,0,-10,31,-999,0.009083330631256104,0.07660579681396484,-0.039420127868652344,-0.025919277220964432,-0.518206000328064,-0.023496132344007492,0,0
2020-06-15,17:33:11,22.9021759,120.2733413,0.898,-177,48,-635,-121,46,-1032,0.036134183406829834,-0.7303749322891235,-0.8987140655517578,-0.11024229228496552,-0.5944032073020935,-0.084481380879879,0,0
2020-06-15,17:33:14,22.9021885,120.2732694,5.646,-117,-30,-12,-149,62,-969,1.4422461986541748,-8.105372428894043,-5.646229267120361,-0.21660080552101135,-1.5001083612442017,0.004885711707174778,0,0
2020-06-15,17:33:17,22.9022043,120.273152,11.579,34,-28,7,-163,-1,-974,3.199021100997925,-20.14932632446289,-11.579057693481445,-0.16879352927207947,-1.4843590259552002,-0.019032452255487442,0,0
2020-06-15,17:33:20,22.9022157,120.2730426,17.239,-51,38,-2,-92,29,-971,4.47469425201416,-31.3631591796875,-17.23933219909668,-0.16435346007347107,-1.4363460540771484,-0.003565254621207714,0,0
2020-06-15,17:33:23,22.9022083,120.2729298,20.263,46,7,-45,-22,-19,-922,3.65047287940979,-42.93158721923828,-20.26304817199707,-0.1530064195394516,-1.9008375406265259,-0.015223833732306957,0,0
2020-06-15,17:33:26,22.9021663,120.272819,20.402,20,-159,-9,-110,-23,-985,-1.0418579578399658,-54.29256057739258,-20.402406692504883,-0.17772670090198517,-2.0390896797180176,-0.002538807690143585,0,0
2020-06-15,17:33:29,22.9021184,120.2727177,20.123,62,61,102,-153,-1,-951,-6.373285293579102,-64.67829895019531,-20.123167037963867,-0.006203093566000462,-2.0050950050354004,0.028346605598926544,0,0
2020-06-15,17:33:32,22.9021207,120.2726964,19.771,18,63,1124,-29,74,-911,-6.114429473876953,-66.85868835449219,-19.771221160888672,-0.09057557582855225,-1.5937801599502563,0.1297183334827423,0,0
2020-06-15,17:33:35,22.9022093,120.2726941,19.879,-128,-33,-2,-79,96,-955,2.691835641860962,-66.98419952392578,-19.8409366607666,-0.13226613402366638,-0.064335398375988,-0.08931591361761093,0,0
2020-06-15,17:33:38,22.9023062,120.272687,20.183,89,36,591,-105,139,-965,14.541803359985352,-67.82583618164062,-20.183725357055664,0.010716313496232033,0.35737869143486023,0.07738872617483139,0,0
2020-06-15,17:33:41,22.9023242,120.2727386,20.139,-35,-62,13,-31,27,-985,16.549638748168945,-62.54038619995117,-20.139184951782227,-0.09632235765457153,1.466042399406433,-0.019788723438978195,0,0
2020-06-15,17:33:44,22.9023231,120.2728501,20.168,35,89,-74,-51,85,-974,16.423200607299805,-51.098060607910156,-20.168811798095703,-0.06898590922355652,1.485377311706543,-0.07631031423807144,0,0
2020-06-15,17:33:47,22.9023267,120.2729928,20.182,51,16,-23,-33,25,-1011,16.821544647216797,-36.467628479003906,-20.18265151977539,-0.046017877757549286,1.5229860544204712,-0.06624127924442291,0,0
2020-06-15,17:33:50,22.9023321,120.2731274,20.295,60,10,107,-59,37,-990,17.42170524597168,-22.67217254638672,-20.29501724243164,-0.07600884139537811,1.5183444023132324,-0.009906367398798466,0,0
2020-06-15,17:33:53,22.9023353,120.2732686,20.755,-36,23,-25,-12,36,-1111,17.786142349243164,-8.184282302856445,-20.755874633789062,0.05067843198776245,1.5622938871383667,0.026363514363765717,0,0
2020-06-15,17:33:56,22.9023367,120.2733196,25.755,0,-65,-23,-8,-18,-1001,17.933591842651367,-2.9632973670959473,-25.7559814453125,0.07005354762077332,1.5418219566345215,0.007948242127895355,0,0
2020-06-15,17:33:59,22.9023264,120.273321,29.747,108,1,11,43,-143,-1012,16.790237426757812,-2.8158040046691895,-29.74728775024414,0.027870401740074158,1.5304782390594482,0.08509448170661926,0,0
2020-06-15,17:34:02,22.9022596,120.2733316,30.119,-101,8,-39,87,-42,-1001,9.285834312438965,-1.7118192911148071,-30.120912551879883,0.04093361645936966,1.595592975616455,0.09028586000204086,0,0
2020-06-15,17:34:05,22.9021754,120.2733515,30.201,199,31,118,59,-86,-1087,-0.021962344646453857,0.3163033723831177,-30.201984405517578,0.13295236229896545,1.5063998699188232,-0.17997871339321136,0,0
2020-06-15,17:43:58,22.9030176,120.2731341,-0.107,5,0,-2,39,36,-998,-0.055970191955566406,-0.1497650146484375,0.10773098468780518,0.03040139749646187,-2.155477285385132,-0.0062067462131381035,0,0
2020-06-15,17:44:01,22.9030175,120.2731333,-0.147,-5,-5,-3,48,5,-995,-0.06816864013671875,-0.23113632202148438,0.14789330959320068,0.03145071119070053,-2.156339168548584,-0.006812690757215023,0,0
2020-06-15,17:44:04,22.9030169,120.2731152,0.979,-25,-51,-193,-47,39,-1022,-0.14368629455566406,-2.0835704803466797,-0.9793864488601685,-0.19709202647209167,-1.7863610982894897,0.0029345224611461163,0,0
2020-06-15,17:44:07,22.9030086,120.2730245,5.874,15,-79,-36,-187,-29,-980,-1.068333625793457,-11.383600234985352,-5.874392986297607,-0.17606806755065918,-1.7631295919418335,-0.006426719017326832,0,0
2020-06-15,17:44:10,22.9029888,120.2729073,11.282,20,0,42,-127,-32,-981,-3.2710795402526855,-23.400863647460938,-11.282770156860352,-0.1591167449951172,-1.6684329509735107,0.0379045344889164,0,0
2020-06-15,17:44:13,22.9029778,120.2727851,16.639,102,29,-4,-186,18,-1008,-4.492391586303711,-35.937992095947266,-16.639019012451172,-0.15345759689807892,-1.6582525968551636,-0.010430184192955494,0,0
2020-06-15,17:44:16,22.9029663,120.2726863,20.12,-14,57,-2,-56,18,-953,-5.772420406341553,-46.06830978393555,-20.120939254760742,0.029496539384126663,-1.6223217248916626,-0.007188647054135799,0,0
2020-06-15,17:44:19,22.9029448,120.2726667,19.818,-72,11,76,-57,80,-976,-8.15976333618164,-48.07596969604492,-19.818212509155273,-0.0023280903697013855,-1.6747699975967407,-0.08272510021924973,0,0
2020-06-15,17:44:22,22.9028747,120.2726916,20.013,-70,6,-46,-93,40,-961,-15.980804443359375,-45.526981353759766,-20.01361846923828,-0.09676025807857513,2.8859362602233887,0.04253757745027542,0,0
2020-06-15,17:44:25,22.902775,120.2727217,20.198,-64,266,-87,-106,-32,-1030,-27.077238082885742,-42.43449783325195,-20.19864845275879,-0.06125565245747566,2.8981740474700928,0.03970053419470787,0,0
2020-06-15,17:44:28,22.9027022,120.2727917,20.144,40,130,-332,-27,-51,-1008,-35.17774200439453,-35.25608825683594,-20.14478874206543,-0.00828099437057972,1.6947383880615234,-0.048048235476017,0,0
2020-06-15,17:44:31,22.9026985,120.2729031,19.87,20,-24,100,-4,-8,-961,-35.58964157104492,-23.834449768066406,-19.870607376098633,-0.0016370397061109543,1.5270274877548218,0.0013170894235372543,0,0
2020-06-15,17:44:34,22.9027085,120.2730277,20.097,46,115,165,13,48,-999,-34.4833869934082,-11.056013107299805,-20.097028732299805,-0.027769744396209717,1.5189512968063354,-0.004080533050000668,0,0
2020-06-15,17:44:37,22.9027135,120.2731335,21.958,121,46,11,9,-11,-1096,-33.929283142089844,-0.21332359313964844,-21.958890914916992,0.10330530256032944,1.471861720085144,-0.038727615028619766,0,0
2020-06-15,17:44:40,22.9027204,120.273162,28.305,-131,-1,38,96,67,-880,-33.151668548583984,2.7112560272216797,-28.305509567260742,0.10776303708553314,1.5049294233322144,-0.04559185728430748,0,0
2020-06-15,17:44:43,22.9027436,120.2731622,30.166,-67,-14,27,153,80,-942,-30.57842254638672,2.730470657348633,-30.166126251220703,0.1285177767276764,1.5174635648727417,-0.1241622194647789,0,0
2020-06-15,17:44:46,22.9028257,120.2731544,30.227,-124,11,2,121,181,-927,-21.43068504333496,1.9321155548095703,-30.227561950683594,0.10880327224731445,1.4971245527267456,-0.13114745914936066,0,0
2020-06-15,17:44:49,22.9029449,120.2731411,29.984,-9,10,-39,148,128,-900,-8.149290084838867,0.5643177032470703,-29.98421287536621,0.10530266910791397,1.469922423362732,-0.02604367583990097,0,0
2020-06-15,17:44:52,22.9030106,120.273131,30.215,-91,-72,65,20,53,-970,-0.8434963226318359,-0.464996337890625,-30.21550178527832,0.02849879488348961,1.4437696933746338,0.05989987775683403,0,0
2020-06-15,17:44:55,22.9030175,120.273134,29.943,0,-19,-1,62,38,-1007,-0.067962646484375,-0.157501220703125,-29.94396209716797,0.03218264505267143,1.545776128768921,-0.03314213827252388,0,0
2020-06-15,17:44:58,22.9030194,120.2731357,29.174,65,34,5,87,22,-905,0.13683128356933594,0.01230621337890625,-29.174592971801758,0.02035493776202202,1.5448118448257446,-0.005013731308281422,0,0
2020-06-15,17:45:01,22.9030176,120.2731358,24.491,-14,-42,-60,-12,81,-977,-0.06470298767089844,0.028162002563476562,-24.491130828857422,0.04442935436964035,1.5233337879180908,-0.04969492927193642,0,0
2020-06-15,17:45:04,22.9030184,120.2731364,20.378,37,-49,-49,103,-35,-971,0.031355857849121094,0.0900421142578125,-20.378416061401367,0.05750362575054169,1.539848804473877,-0.03340821713209152,0,0
2020-06-15,17:45:07,22.9030172,120.2731357,15.608,128,-52,-28,75,127,-938,-0.10843658447265625,0.016923904418945312,-15.608518600463867,0.027848180383443832,1.5441395044326782,-0.03400097414851189,0,0
2020-06-15,17:45:10,22.9030178,120.2731346,11.047,-86,108,-24,46,85,-966,-0.03540325164794922,-0.09853172302246094,-11.047826766967773,0.04140947386622429,1.5464996099472046,-0.027675505727529526,0,0
2020-06-15,17:45:13,22.9030174,120.2731345,9.038,4,35,-3,40,104,-960,-0.08785438537597656,-0.1119842529296875,-9.038395881652832,0.040663670748472214,1.5010223388671875,-0.049887482076883316,0,0
2020-06-15,17:45:16,22.9030182,120.273137,7.607,67,46,20,84,-34,-1016,0.0009469985961914062,0.15136337280273438,-7.607261657714844,0.0830148309469223,1.498666524887085,-0.06597160547971725,0,0
2020-06-15,17:45:19,22.9030187,120.2731358,6.064,57,-24,-34,86,-11,-1034,0.05986785888671875,0.02887725830078125,-6.0648393630981445,0.03208883851766586,1.5380237102508545,-0.01890547201037407,0,0
2020-06-15,17:45:22,22.9030179,120.2731364,4.502,102,-34,13,43,67,-971,-0.03225421905517578,0.08902549743652344,-4.502050399780273,0.04626605659723282,1.4903035163879395,-0.01912182942032814,0,0
2020-06-15,17:45:25,22.9030191,120.2731349,2.867,-36,20,70,40,59,-1032,0.1025533676147461,-0.06485748291015625,-2.8675904273986816,0.02277834713459015,1.5065399408340454,-0.010892319492995739,0,0
2020-06-15,17:45:28,22.9030172,120.273136,1.279,143,-16,31,38,-82,-1022,-0.10415172576904297,0.05020713806152344,-1.279831886291504,0.025612127035856247,1.5091090202331543,-0.03285093232989311,0,0
2020-06-15,17:45:31,22.9030186,120.2731354,0.267,-10,-9,-3,-11,30,-1014,0.051939964294433594,-0.0119171142578125,-0.2679482698440552,-0.0014280248433351517,1.5133280754089355,-0.012741242535412312,0,0
2020-06-15,17:47:02,22.9030175,120.2731347,-0.04,2,-1,0,-2,25,-998,0.0778207778930664,-0.07423782348632812,0.040911197662353516,-0.0215107761323452,1.4924373626708984,-0.015542767010629177,0,0
2020-06-15,17:47:05,22.9030186,120.2731327,-0.034,2,0,-8,-8,41,-996,0.1905364990234375,-0.2803058624267578,0.03429460525512695,-0.021253079175949097,1.4929783344268799,-0.014670650474727154,0,0
2020-06-15,17:47:08,22.9030189,120.2731317,1.62,-14,92,26,7,4,-1090,0.23369598388671875,-0.3882770538330078,-1.6203731298446655,-0.0018549086526036263,1.4361014366149902,-0.0030857613310217857,0,0
2020-06-15,17:47:11,22.903018,120.2731328,7.776,-13,-12,-4,32,75,-970,0.130950927734375,-0.26712799072265625,-7.776252746582031,0.022056829184293747,1.4619899988174438,-0.03545632213354111,0,0
2020-06-15,17:47:14,22.9030197,120.2731321,15.193,-58,60,28,87,-38,-1031,0.3216524124145508,-0.34798622131347656,-15.193119049072266,0.016159437596797943,1.4604692459106445,0.015027036890387535,0,0
2020-06-15,17:47:17,22.9030171,120.2731301,19.686,120,-39,-1186,41,23,-931,0.029201507568359375,-0.5524978637695312,-19.68604850769043,0.1228288859128952,0.8291521668434143,-0.1068100556731224,0,0
2020-06-15,17:47:20,22.9030137,120.2730875,20.407,110,-228,105,-87,-40,-899,-0.35434436798095703,-4.921138763427734,-20.4075984954834,-0.15244220197200775,-1.6963530778884888,0.00239516980946064,0,0
2020-06-15,17:47:23,22.9030083,120.2730257,20.31,150,-15,33,-131,-79,-988,-0.9535341262817383,-11.252147674560547,-20.31082534790039,-0.13554033637046814,-1.8245899677276611,0.04479275271296501,0,0
2020-06-15,17:47:26,22.9030011,120.2729696,19.998,3,0,37,-121,4,-1006,-1.7517452239990234,-17.007720947265625,-19.998472213745117,-0.1543843299150467,-1.8163646459579468,0.0038043889217078686,0,0
2020-06-15,17:47:29,22.9029911,120.2729073,19.89,-35,-23,-102,-149,2,-1007,-2.867647171020508,-23.391895294189453,-19.890480041503906,-0.1348806619644165,-1.673389196395874,0.02179783210158348,0,0
2020-06-15,17:47:32,22.902985,120.2728503,19.977,-10,-6,84,-143,-14,-1043,-3.545274257659912,-29.24236297607422,-19.97755241394043,-0.10475132614374161,-1.771791934967041,-0.005207929760217667,0,0
2020-06-15,17:47:35,22.9029767,120.2727862,20.066,-39,-154,-130,-55,-59,-974,-4.474358081817627,-35.81178283691406,-20.066123962402344,-0.09148204326629639,-1.7208962440490723,-0.011777148582041264,0,0
2020-06-15,17:47:38,22.9029698,120.2727293,20.022,56,65,107,-43,30,-975,-5.236294269561768,-41.65177917480469,-20.02294158935547,-0.0733608603477478,-1.7105107307434082,0.013303825631737709,0,0
2020-06-15,17:47:41,22.9029602,120.2726691,20.049,141,10,22,-158,-80,-1036,-6.305241107940674,-47.81808853149414,-20.049375534057617,-0.003585219383239746,-1.5876160860061646,0.039200179278850555,0,0
2020-06-15,17:47:44,22.9029378,120.2726726,19.729,109,205,346,47,-129,-1048,-8.795426368713379,-47.45876693725586,-19.729511260986328,-0.07515041530132294,2.4995005130767822,0.06067457050085068,0,0
2020-06-15,17:47:47,22.9028946,120.272703,19.917,80,39,0,125,-62,-974,-13.615592002868652,-44.34870910644531,-19.917240142822266,0.003418564796447754,2.669548511505127,0.0723043754696846,0,0
2020-06-15,17:47:50,22.9028486,120.2727318,20.081,25,26,27,16,-90,-1021,-18.739521026611328,-41.38764190673828,-20.081510543823242,0.00014837831258773804,2.6429409980773926,0.05050737410783768,0,0
2020-06-15,17:47:53,22.9028036,120.2727615,20.128,-10,66,-40,-21,-125,-1062,-23.74643325805664,-38.341121673583984,-20.128332138061523,0.016954530030488968,2.6218762397766113,0.06815541535615921,0,0
2020-06-15,17:47:56,22.902754,120.2727902,20.135,-3,28,304,-10,-107,-1015,-29.26751708984375,-35.40792465209961,-20.135292053222656,-0.0038134343922138214,2.83048415184021,0.11784586310386658,0,0
2020-06-15,17:47:59,22.9027071,120.2727942,20.115,75,50,-58,-16,-93,-1013,-34.496192932128906,-34.992332458496094,-20.115570068359375,-0.0433039590716362,3.0405914783477783,0.06604156643152237,0,0
2020-06-15,17:48:02,22.902655,120.2727954,19.913,83,-40,44,-61,-29,-963,-40.287296295166016,-34.865684509277344,-19.913631439208984,-0.043517470359802246,3.0335898399353027,0.054711028933525085,0,0
2020-06-15,17:48:05,22.9025972,120.2727996,20.106,108,53,30,-77,-43,-1002,-46.72517395019531,-34.442386627197266,-20.106338500976562,-0.04474365711212158,-3.1346828937530518,0.06917937844991684,0,0
2020-06-15,17:48:08,22.9025702,120.2728206,20.037,-37,21,-123,43,-14,-1080,-49.736061096191406,-32.28522491455078,-20.037160873413086,-0.05256301909685135,1.4219779968261719,-0.033796947449445724,0,0
2020-06-15,17:48:11,22.9025746,120.2728857,19.906,-36,-26,130,54,81,-931,-49.237937927246094,-25.611709594726562,-19.90672492980957,0.03582044318318367,1.4411430358886719,0.009316516108810902,0,0
2020-06-15,17:48:14,22.9025785,120.2729366,20.026,-32,54,-74,13,-68,-1012,-48.80857467651367,-20.35223388671875,-20.027055740356445,0.0055720005184412,1.5266624689102173,-0.017278507351875305,0,0
2020-06-15,17:48:17,22.9025784,120.2729983,20.255,30,47,-70,42,102,-947,-48.82247543334961,-14.066272735595703,-20.25577163696289,0.042259398847818375,1.422691822052002,-0.06774728000164032,0,0
2020-06-15,17:48:20,22.9025828,120.2730525,19.966,-143,33,-3,52,87,-1027,-48.331748962402344,-8.501848220825195,-19.96677017211914,0.010172957554459572,1.4063260555267334,-0.0479857362806797,0,0
2020-06-15,17:48:23,22.9025871,120.2731106,19.968,134,42,57,48,-23,-1078,-47.85255432128906,-2.543193817138672,-19.968852996826172,0.02418283000588417,1.474538803100586,-0.06021135672926903,0,0
2020-06-15,17:48:26,22.902592,120.2731602,21.156,141,47,123,49,-15,-1128,-47.30767822265625,2.533876419067383,-21.15690803527832,0.1042574942111969,1.434169054031372,-0.02285090461373329,0,0
2020-06-15,17:48:29,22.9025901,120.2731622,26.86,64,-28,-39,91,22,-923,-47.520042419433594,2.7378835678100586,-26.903291702270508,0.08770258724689484,1.482728123664856,-0.029260024428367615,0,0
2020-06-15,17:48:32,22.902603,120.2731618,29.917,-16,-27,-10,91,46,-1008,-46.08393478393555,2.6982574462890625,-29.91782569885254,0.10047796368598938,1.5317978858947754,-0.13123401999473572,0,0
2020-06-15,17:48:35,22.9026821,120.2731583,29.907,-15,196,91,113,105,-906,-37.19451141357422,2.3353710174560547,-29.909343719482422,0.10802760720252991,1.4508583545684814,-0.16095209121704102,0,0
2020-06-15,17:48:38,22.9027889,120.2731515,29.928,25,-69,-21,176,112,-1025,-25.389537811279297,1.6451873779296875,-29.928112030029297,0.12170581519603729,1.4511972665786743,-0.15754950046539307,0,0
2020-06-15,17:48:41,22.9029076,120.2731412,30.009,11,0,-25,111,226,-901,-12.169883728027344,0.5911731719970703,-30.009204864501953,0.08157308399677277,1.3972529172897339,-0.1383933424949646,0,0
2020-06-15,17:48:44,22.9030044,120.2731342,30.097,60,-77,42,90,30,-1045,-1.387465476989746,-0.12984657287597656,-30.09786033630371,0.06374336034059525,1.5465655326843262,0.0813603475689888,0,0
2020-06-15,17:48:47,22.9030166,120.2731344,30.215,70,-83,-16,51,41,-959,-0.02801513671875,-0.11011314392089844,-30.215208053588867,0.07114192843437195,1.5175445079803467,0.010922446846961975,0,0
2020-06-15,17:48:50,22.9030153,120.2731351,29.613,11,-136,50,116,-6,-888,-0.17608356475830078,-0.03143119812011719,-29.613670349121094,0.025339309126138687,1.5699518918991089,-0.05623374506831169,0,0
2020-06-15,17:48:53,22.9030166,120.2731366,24.886,-80,-187,250,109,30,-971,-0.029726028442382812,0.115264892578125,-24.88616180419922,0.02924918755888939,1.502975344657898,-0.028155263513326645,0,0
2020-06-15,17:48:56,22.9030173,120.2731369,20.849,-231,-224,12,14,10,-990,0.05260181427001953,0.14731597900390625,-20.849504470825195,0.028289690613746643,1.5301973819732666,-0.033431459218263626,0,0
2020-06-15,17:48:59,22.9030161,120.2731359,16.157,-82,-60,-25,60,72,-1002,-0.07848358154296875,0.04876708984375,-16.15777015686035,0.045604441314935684,1.5092668533325195,-0.030435726046562195,0,0
2020-06-15,17:49:02,22.9030152,120.2731354,11.952,-54,92,57,36,96,-960,-0.18515777587890625,-0.0065155029296875,-11.952215194702148,0.03654611110687256,1.5731216669082642,-0.07410961389541626,0,0
2020-06-15,17:49:05,22.9030166,120.2731354,9.213,-49,-55,-75,47,60,-995,-0.023557662963867188,-0.0014286041259765625,-9.2130126953125,0.012294096872210503,1.4932054281234741,-0.02334132045507431,0,0
2020-06-15,17:49:08,22.9030161,120.2731343,7.575,74,-31,-3,-31,-69,-1034,-0.08551692962646484,-0.12136459350585938,-7.5759501457214355,-0.029309477657079697,1.5418699979782104,-0.0355132520198822,0,0
2020-06-15,17:49:11,22.9030165,120.273137,6.148,4,-39,26,20,59,-1006,-0.03659343719482422,0.15510177612304688,-6.137577056884766,-0.021116206422448158,1.5101679563522339,-0.02452559396624565,0,0
2020-06-15,17:49:14,22.9030163,120.2731376,4.623,0,-10,6,-6,67,-978,-0.05948829650878906,0.21652984619140625,-4.623717784881592,0.024032030254602432,1.488152265548706,-0.019635256379842758,0,0
2020-06-15,17:49:17,22.9030151,120.2731342,3.165,157,-6,-15,-31,12,-1036,-0.20013141632080078,-0.12496757507324219,-3.1653525829315186,-0.011403189972043037,1.4916627407073975,-0.05615469440817833,0,0
2020-06-15,17:49:20,22.9030163,120.2731368,1.525,10,52,-112,103,121,-970,-0.061575889587402344,0.13965797424316406,-1.5257682800292969,-0.0007407646626234055,1.553141713142395,-0.03916328772902489,0,0
2020-06-15,17:49:23,22.9030164,120.2731363,0.188,74,126,60,41,-62,-1008,-0.050571441650390625,0.08471870422363281,-0.17619872093200684,0.018359769135713577,1.5863392353057861,-0.019277971237897873,0,0
2020-06-15,17:54:12,22.9030479,120.2731223,-0.038,2,-1,0,5,-14,-999,0.08542156219482422,-0.04291534423828125,0.03882026672363281,-0.011557345278561115,-1.2224178314208984,0.028613388538360596,0,0
2020-06-15,17:54:15,22.9030467,120.2731226,-0.122,13,0,6,16,-12,-996,-0.0459136962890625,-0.020023345947265625,0.12270325422286987,-0.01094859465956688,-1.2228984832763672,0.0281500443816185,0,0
2020-06-15,17:54:18,22.9030239,120.2731182,1.042,41,22,-1207,14,-53,-1057,-2.5909929275512695,-0.46887969970703125,-1.0429482460021973,-0.06142246723175049,-1.9610813856124878,-0.06883962452411652,0,0
2020-06-15,17:54:21,22.9029313,120.273099,6.829,-89,-38,76,-48,42,-996,-12.895124435424805,-2.432842254638672,-6.829510688781738,-0.1179533302783966,-3.041712999343872,0.03726040571928024,0,0
2020-06-15,17:54:24,22.9028287,120.2730835,12.329,45,58,20,0,-59,-1013,-24.33186149597168,-4.026287078857422,-12.329447746276855,-0.06180543079972267,-2.999467611312866,0.06435229629278183,0,0
2020-06-15,17:54:27,22.9027203,120.2730637,18.045,41,14,-25,-114,-45,-1024,-36.393306732177734,-6.059812545776367,-18.04531478881836,-0.09077449887990952,-2.972919464111328,0.06464404612779617,0,0
2020-06-15,17:54:30,22.9026529,120.2730495,20.164,41,103,-150,9,-109,-1037,-43.89584732055664,-7.514291763305664,-20.164806365966797,0.05966901034116745,-2.6903908252716064,0.17572546005249023,0,0
2020-06-15,17:54:33,22.9026778,120.2730034,20.288,5,-95,-72,-178,36,-1011,-41.12200927734375,-12.234254837036133,-20.288314819335938,-0.2445528507232666,-1.1714484691619873,-0.028190020471811295,0,0
2020-06-15,17:54:36,22.9027261,120.2729012,20.17,53,-19,74,-161,7,-996,-35.74501419067383,-22.71329689025879,-20.17093276977539,-0.1669645607471466,-1.0902833938598633,-0.019042793661355972,0,0
2020-06-15,17:54:39,22.9027868,120.2727755,20.008,62,52,-18,-166,-5,-1011,-28.99673080444336,-35.60723114013672,-20.008590698242188,-0.14377222955226898,-1.0349948406219482,-0.029578067362308502,0,0
2020-06-15,17:54:42,22.9028452,120.2726601,20.055,-56,292,-63,-75,131,-983,-22.493621826171875,-47.44551086425781,-20.05517578125,-0.06374244391918182,-1.007010579109192,-0.0005269469693303108,0,0
2020-06-15,17:54:45,22.9028928,120.2725927,19.702,-33,-29,-150,-4,-18,-1043,-17.197834014892578,-54.357383728027344,-19.70235824584961,-0.014701863750815392,-0.30630189180374146,0.11830169707536697,0,0
2020-06-15,17:54:48,22.9029394,120.2726375,19.885,-44,62,39,-88,93,-969,-11.997385025024414,-49.760414123535156,-19.885555267333984,-0.13559535145759583,0.6708341240882874,-0.0330623984336853,0,0
2020-06-15,17:54:51,22.9030179,120.2727169,20.182,13,-14,45,-83,24,-1053,-3.253350257873535,-41.61469268798828,-20.182540893554688,-0.10402671247720718,0.698676586151123,-0.052006881684064865,0,0
2020-06-15,17:54:54,22.9031062,120.2728044,20.375,-4,26,30,-35,64,-1093,6.578827857971191,-32.63953399658203,-20.375988006591797,0.033768244087696075,0.7435578107833862,-0.07459892332553864,0,0
2020-06-15,17:54:57,22.9031495,120.2728396,25.727,-62,-51,0,33,105,-1023,11.395495414733887,-29.032217025756836,-25.727718353271484,0.07439576834440231,0.6712859272956848,-0.03729758411645889,0,0
2020-06-15,17:55:00,22.9031442,120.2728505,29.742,-31,9,37,-22,73,-953,10.799040794372559,-27.91689109802246,-29.742530822753906,-0.01660277508199215,0.7055937647819519,0.025758955627679825,0,0
2020-06-15,17:55:03,22.9031172,120.2729129,30.053,62,-17,20,31,-84,-999,7.800322532653809,-21.522268295288086,-30.053794860839844,-0.050231896340847015,0.7241211533546448,0.027508452534675598,0,0
2020-06-15,17:55:06,22.9030768,120.2730308,30.056,19,29,-34,4,-41,-1012,3.304080009460449,-9.429367065429688,-30.056602478027344,-0.017093900591135025,0.698758602142334,0.013589320704340935,0,0
2020-06-15,17:55:09,22.9030514,120.2731157,30.11,17,-6,15,10,-67,-1034,0.47292041778564453,-0.7230606079101562,-30.110233306884766,0.0743093192577362,0.6920342445373535,-0.14663001894950867,0,0
2020-06-15,17:55:12,22.9030475,120.273123,30.299,11,17,41,58,63,-943,0.04133415222167969,0.02535247802734375,-30.299522399902344,0.015569567680358887,0.6728504300117493,-0.08941935002803802,0,0
2020-06-15,17:55:15,22.9030457,120.2731248,29.529,8,-28,-32,37,130,-909,-0.16149616241455078,0.2104625701904297,-29.52904510498047,0.022068314254283905,0.6884442567825317,-0.0977485328912735,0,0
2020-06-15,17:55:18,22.9030458,120.2731223,25.373,-123,40,30,98,58,-968,-0.15155792236328125,-0.045673370361328125,-25.373329162597656,0.003820156678557396,0.6812118887901306,-0.04338588938117027,0,0
2020-06-15,17:55:21,22.9030449,120.273122,20.216,-224,-119,91,-19,102,-1039,-0.2506589889526367,-0.07401657104492188,-20.21625518798828,0.0038816481828689575,0.7401565313339233,-0.09531345963478088,0,0
2020-06-15,17:55:24,22.9030454,120.273122,15.805,46,-123,-10,-23,16,-1022,-0.19303512573242188,-0.07952308654785156,-15.805870056152344,-0.01336972787976265,0.7298107147216797,-0.05154913291335106,0,0
2020-06-15,17:55:27,22.9030482,120.2731233,11.329,48,53,-87,19,-42,-1005,0.12116241455078125,0.0544281005859375,-11.329826354980469,0.010351978242397308,0.7116701006889343,-0.008373654447495937,0,0
2020-06-15,17:55:30,22.9030459,120.2731232,9.18,-27,51,-55,-29,127,-966,-0.13918113708496094,0.043182373046875,-9.180375099182129,-0.015980858355760574,0.7202504873275757,-0.025087624788284302,0,0
2020-06-15,17:55:33,22.9030465,120.2731228,7.676,29,-44,3,-62,-14,-981,-0.06916999816894531,0.0004444122314453125,-7.676036834716797,-0.02360406517982483,0.7176295518875122,-0.03197864443063736,0,0
2020-06-15,17:55:36,22.9030449,120.2731236,6.163,35,-2,18,-38,36,-977,-0.24905776977539062,0.092132568359375,-6.163026809692383,-0.03534470498561859,0.6999425888061523,-0.04466645047068596,0,0
2020-06-15,17:55:39,22.9030469,120.2731241,4.632,70,-38,-12,-34,-32,-1000,-0.029108047485351562,0.13343048095703125,-4.632352828979492,-0.0029150545597076416,0.7086895108222961,-0.03306794911623001,0,0
2020-06-15,17:55:42,22.9030462,120.2731234,3.177,-95,31,-8,11,107,-1002,-0.10257148742675781,0.06614112854003906,-3.177633285522461,-0.01530278380960226,0.7271333932876587,-0.03684448078274727,0,0
2020-06-15,17:55:45,22.9030464,120.2731234,1.551,-19,-34,9,9,62,-1005,-0.08897686004638672,0.06435394287109375,-1.5516053438186646,-0.016879454255104065,0.6971111297607422,-0.02941349893808365,0,0
2020-06-15,17:55:48,22.9030458,120.2731232,0.342,26,7,1,-33,-16,-1001,-0.15111351013183594,0.048175811767578125,-0.34217914938926697,-0.03831227496266365,0.7573285698890686,0.007857115939259529,0,0
2020-06-15,17:57:11,22.9030265,120.2731241,0.034,0,0,0,-9,-10,-998,-0.15279769897460938,-0.13483428955078125,-0.03473927080631256,-0.025820765644311905,0.7565740942955017,0.016249168664216995,0,0
2020-06-15,17:57:14,22.9030255,120.2731228,0.027,3,-2,0,-7,-1,-996,-0.260467529296875,-0.2698535919189453,-0.027719497680664062,-0.026843475177884102,0.7578213214874268,0.016469154506921768,0,0
2020-06-15,17:57:17,22.9030244,120.2731237,2.583,-47,56,0,25,36,-1021,-0.38544750213623047,-0.17908477783203125,-2.5839314460754395,-0.02879127487540245,0.6826228499412537,-0.04481344297528267,0,0
2020-06-15,17:57:20,22.9030261,120.2731231,9.411,43,12,-15,11,-44,-1015,-0.19130897521972656,-0.24262046813964844,-9.411958694458008,-0.014902285300195217,0.706296980381012,-0.043067049235105515,0,0
2020-06-15,17:57:23,22.9030265,120.273123,16.469,76,35,-48,31,52,-982,-0.14476394653320312,-0.25440406799316406,-16.46934700012207,-0.0003375774249434471,0.7292428016662598,-0.023956697434186935,0,0
2020-06-15,17:57:26,22.9030183,120.2731243,19.827,75,31,1068,68,-111,-957,-1.0846805572509766,-0.11327743530273438,-19.83646583557129,-0.03739393502473831,2.162930727005005,0.08854489773511887,0,0
2020-06-15,17:57:29,22.9029685,120.2731276,20.081,34,-45,13,-51,-16,-1004,-6.605022430419922,0.2202777862548828,-20.081172943115234,-0.060826625674963,2.9740371704101562,0.022744979709386826,0,0
2020-06-15,17:57:32,22.9029181,120.2731341,20.1,8,-30,133,-71,-42,-998,-12.217589378356934,0.8889541625976562,-20.100528717041016,-0.06275540590286255,3.0246825218200684,0.06902407854795456,0,0
2020-06-15,17:57:35,22.9028688,120.2731385,19.999,24,0,5,-1,-91,-1021,-17.719635009765625,1.3396759033203125,-19.999074935913086,-0.06243006885051727,2.9898829460144043,0.030055779963731766,0,0
2020-06-15,17:57:38,22.9028137,120.2731444,20.063,-24,20,31,11,50,-961,-23.848255157470703,1.947122573852539,-20.06330680847168,-0.02822212316095829,3.018430709838867,0.04578416049480438,0,0
2020-06-15,17:57:41,22.9027621,120.2731499,20.01,174,69,415,52,-84,-1013,-29.589351654052734,2.5093517303466797,-20.01079750061035,0.026988379657268524,-3.139647960662842,0.12552392482757568,0,0
2020-06-15,17:57:44,22.9027219,120.2731325,20.01,13,0,-16,-70,-95,-1009,-34.06928253173828,0.7206363677978516,-20.01020050048828,-0.09430927038192749,-2.7403528690338135,0.07920944690704346,0,0
2020-06-15,17:57:48,22.9026744,120.2731005,20.202,5,32,-29,-93,-39,-1034,-39.35918426513672,-2.555673599243164,-20.20284652709961,-0.04826417937874794,-2.7143824100494385,0.04762253165245056,0,0
2020-06-15,17:57:51,22.9026286,120.2730706,20.068,-21,0,130,-76,-80,-999,-44.45258331298828,-5.626977920532227,-20.06827163696289,-0.07696837931871414,-2.6609623432159424,0.05361293628811836,0,0
2020-06-15,17:57:54,22.9025836,120.2730406,20.173,-9,17,0,-74,-12,-995,-49.467079162597656,-8.703125,-20.173444747924805,-0.08871208131313324,-2.6309566497802734,0.02366618439555168,0,0
2020-06-15,17:57:57,22.9025373,120.2730097,19.897,131,36,-171,-18,-102,-1016,-54.62239074707031,-11.865707397460938,-19.897117614746094,-0.05914105102419853,-2.6616697311401367,0.024599585682153702,0,0
2020-06-15,17:58:00,22.9025253,120.2729739,20.068,8,37,12,-151,42,-970,-55.948951721191406,-15.544755935668945,-20.068822860717773,-0.15622660517692566,-1.4327685832977295,-0.015407742001116276,0,0
2020-06-15,17:58:03,22.9025396,120.2729189,20.205,-3,21,-66,-64,16,-995,-54.35910415649414,-21.181676864624023,-20.205440521240234,-0.13451378047466278,-1.2777423858642578,-0.017962772399187088,0,0
2020-06-15,17:58:06,22.90256,120.2728566,20.089,36,28,10,-86,20,-977,-52.0897216796875,-27.570375442504883,-20.08902931213379,-0.12020796537399292,-1.3404884338378906,-0.07225685566663742,0,0
2020-06-15,17:58:09,22.9025796,120.2727938,19.878,42,-40,58,-152,65,-969,-49.90688705444336,-34.011863708496094,-19.878528594970703,-0.15451961755752563,-1.3110642433166504,-0.05074680969119072,0,0
2020-06-15,17:58:12,22.9025971,120.2727398,20.093,9,22,-74,-171,69,-994,-47.95765686035156,-39.54460906982422,-20.09397315979004,-0.14743191003799438,-1.2915382385253906,-0.03538113459944725,0,0
2020-06-15,17:58:15,22.9026171,120.2726822,20.047,81,2,383,-110,45,-950,-45.73335266113281,-45.450584411621094,-20.04798698425293,-0.019627157598733902,-1.272793173789978,-0.001719295047223568,0,0
2020-06-15,17:58:18,22.9026481,120.2726844,19.765,0,16,-4,-94,122,-1015,-42.2879638671875,-45.231666564941406,-19.765230178833008,-0.07592160999774933,0.23679688572883606,-0.09723014384508133,0,0
2020-06-15,17:58:21,22.9027007,120.2726993,19.89,122,-12,90,-42,-29,-1009,-36.4267578125,-43.69425964355469,-19.890857696533203,-0.058195509016513824,0.3219531774520874,-0.07110465317964554,0,0
2020-06-15,17:58:24,22.9027571,120.2727178,20.119,-28,12,-29,-110,133,-1010,-30.108522415161133,-41.7860107421875,-20.11762046813965,-0.04889523983001709,0.3572758138179779,-0.07172369956970215,0,0
2020-06-15,17:58:27,22.9028102,120.2727354,20.041,154,-90,-59,-40,21,-1015,-24.20258903503418,-39.98626708984375,-20.042680740356445,-0.05493461340665817,0.3163582980632782,-0.07018067687749863,0,0
2020-06-15,17:58:30,22.9028642,120.2727561,20.036,64,10,55,-18,51,-986,-18.230213165283203,-37.87775421142578,-20.036638259887695,-0.05385514721274376,0.2028040587902069,-0.06487467885017395,0,0
2020-06-15,17:58:33,22.9029203,120.2727735,20.115,3,28,-41,-95,58,-973,-12.412637710571289,-36.20850372314453,-20.108985900878906,-0.054670434445142746,0.30284637212753296,-0.05553675815463066,0,0
2020-06-15,17:58:36,22.9029691,120.2727904,20.052,56,-23,69,-6,36,-1013,-6.536915302276611,-34.35871887207031,-20.052122116088867,-0.06028974428772926,0.284290075302124,-0.05124327540397644,0,0
2020-06-15,17:58:39,22.9030204,120.2728096,20.011,52,63,-100,-29,53,-983,-0.828740119934082,-32.39256286621094,-20.011123657226562,-0.05651867389678955,0.20926634967327118,-0.06603872030973434,0,0
2020-06-15,17:58:42,22.9030745,120.2728248,20.083,-53,6,-11,-13,52,-1108,5.191751480102539,-30.831308364868164,-20.083959579467773,0.06254014372825623,0.30017292499542236,-0.012779786251485348,0,0
2020-06-15,17:58:45,22.9030868,120.2728314,24.196,-64,-29,-58,20,131,-982,6.5609588623046875,-30.152341842651367,-24.19642448425293,0.0010174475610256195,0.30344247817993164,-0.08781459182500839,0,0
2020-06-15,17:58:48,22.9030846,120.2728358,29.595,82,-21,-28,-38,76,-932,6.315145492553711,-29.699846267700195,-29.595727920532227,-0.05035416781902313,0.3442014753818512,0.009910356253385544,0,0
2020-06-15,17:58:51,22.9030735,120.2728907,29.883,-34,35,15,15,7,-1005,5.0764617919921875,-24.074430465698242,-29.883495330810547,-0.05611629784107208,0.3310653269290924,0.04116915538907051,0,0
2020-06-15,17:58:54,22.9030524,120.272997,30.066,-71,27,-23,36,-1,-1011,2.737955093383789,-13.169195175170898,-30.06679344177246,-0.05648909509181976,0.3288764953613281,0.05058928579092026,0,0
2020-06-15,17:58:57,22.9030337,120.2731089,29.896,-57,4,29,5,39,-992,0.6474332809448242,-1.6974430084228516,-29.8962459564209,0.0004075039178133011,0.31024041771888733,-0.1510307490825653,0,0
2020-06-15,17:59:00,22.9030315,120.2731272,30.132,-4,-103,21,15,113,-955,0.4055604934692383,0.17537307739257812,-30.132095336914062,0.008114619180560112,0.3016147315502167,-0.0728880763053894,0,0
2020-06-15,17:59:03,22.9030264,120.2731259,29.897,41,-66,-1,43,0,-906,-0.1641845703125,0.0468597412109375,-29.897951126098633,-0.06191252917051315,0.34732359647750854,-0.06796088814735413,0,0
2020-06-15,17:59:06,22.9030263,120.2731264,25.639,317,-237,16,-39,17,-1032,-0.17203617095947266,0.09405326843261719,-25.639209747314453,-0.027871694415807724,0.3212973177433014,-0.08741223812103271,0,0
2020-06-15,17:59:09,22.9030282,120.2731265,21.186,-222,112,26,-34,80,-1021,0.04009246826171875,0.10759735107421875,-21.186859130859375,-0.05352846533060074,0.3144213557243347,-0.047776829451322556,0,0
2020-06-15,17:59:12,22.9030279,120.2731255,16.551,-33,-63,6,-38,96,-997,0.007882118225097656,0.00647735595703125,-16.55198860168457,-0.05114581063389778,0.3426015079021454,-0.04921779781579971,0,0
2020-06-15,17:59:15,22.9030292,120.2731273,12.175,-210,-105,-14,9,137,-941,0.1483306884765625,0.18633460998535156,-12.175261497497559,-0.017085131257772446,0.30397042632102966,-0.06185614690184593,0,0
2020-06-15,17:59:18,22.9030264,120.273126,9.441,70,-2,-11,-37,-8,-1003,-0.16106796264648438,0.057682037353515625,-9.441878318786621,-0.036491379141807556,0.31615206599235535,-0.049469199031591415,0,0
2020-06-15,17:59:21,22.9030273,120.2731268,7.832,22,21,-38,20,15,-997,-0.05621623992919922,0.13719749450683594,-7.8324360847473145,-0.01789870485663414,0.3155866265296936,-0.05088100954890251,0,0
2020-06-15,17:59:24,22.9030283,120.2731263,6.323,-18,-23,5,-11,64,-973,0.05431652069091797,0.08883094787597656,-6.323573589324951,-0.012305616401135921,0.3350217044353485,-0.039081871509552,0,0
2020-06-15,17:59:27,22.9030272,120.2731257,4.907,38,18,50,35,-47,-1022,-0.07439327239990234,0.030595779418945312,-4.907129287719727,-0.042837463319301605,0.35007187724113464,-0.026669949293136597,0,0
2020-06-15,17:59:30,22.903028,120.2731262,3.414,1,-41,-58,23,-19,-983,0.014719963073730469,0.07703399658203125,-3.4141287803649902,-0.021434610709547997,0.34659650921821594,-0.018818486481904984,0,0
2020-06-15,17:59:33,22.9030274,120.2731265,1.806,-35,-11,-10,-40,61,-984,-0.050208091735839844,0.10313034057617188,-1.8064601421356201,-0.0374857634305954,0.3420356214046478,-0.01896720752120018,0,0
2020-06-15,17:59:36,22.9030289,120.2731281,0.58,-25,13,14,17,112,-994,0.1217184066772461,0.27582359313964844,-0.5805938839912415,-0.05515022575855255,0.3260326385498047,-0.01615624502301216,0,0
2020-06-15,18:00:43,22.90302,120.2731308,-0.037,0,0,0,-58,6,-997,-0.08713340759277344,0.09918022155761719,0.03738647699356079,-0.07375176250934601,0.32292336225509644,-0.0016207033768296242,0,0
2020-06-15,18:00:46,22.9030191,120.2731319,-0.153,0,7,2,-57,8,-994,-0.18433284759521484,0.21416091918945312,0.15351861715316772,-0.07457958161830902,0.3243046998977661,-0.0013478482142090797,0,0
2020-06-15,18:00:49,22.9030183,120.2731336,-0.234,-6,-3,-1,-64,-1,-1003,-0.27535152435302734,0.3839855194091797,0.23441430926322937,-0.0750102624297142,0.32548922300338745,-0.001278677023947239,0,0
2020-06-15,18:00:52,22.9030155,120.2731336,0.01,1,0,5,-58,8,-997,-0.061791419982910156,0.009965896606445312,-0.01013404130935669,-0.0740518644452095,0.3264060616493225,-0.0011658119037747383,0,0
2020-06-15,18:00:55,22.9030135,120.2731302,-0.033,6,-2,0,-43,-1,-993,-0.28401851654052734,-0.33980560302734375,0.0334891676902771,-0.07428310811519623,0.32789498567581177,-0.0017174296081066132,0,0
2020-06-15,18:00:58,22.903014,120.2731283,-0.254,2,-4,4,-49,7,-994,-0.23168277740478516,-0.5357017517089844,0.25401681661605835,-0.07616373151540756,0.328483521938324,0.00013583851978182793,0,0
2020-06-15,18:01:01,22.903014,120.2731294,1.293,1,-6,33,-30,33,-1042,-0.2238750457763672,-0.4304618835449219,-1.2937347888946533,-0.04331392049789429,0.25415754318237305,-0.02012074738740921,0,0
2020-06-15,18:01:04,22.9030148,120.2731289,7.485,-20,-173,-48,10,44,-997,-0.1366891860961914,-0.48124122619628906,-7.4851861000061035,-0.013234453275799751,0.2922211289405823,-0.04126168414950371,0,0
2020-06-15,18:01:07,22.9030149,120.2731294,14.598,5,-17,-88,47,83,-1018,-0.13034534454345703,-0.4233722686767578,-14.598365783691406,0.0006138291209936142,0.3068077564239502,-0.034756049513816833,0,0
2020-06-15,18:01:10,22.9030136,120.2731256,19.654,43,-34,-1157,-90,52,-935,-0.26844310760498047,-0.8110408782958984,-19.654170989990234,-0.14781275391578674,-0.5603849291801453,-0.07666046917438507,0,0
2020-06-15,18:01:13,22.9030346,120.2730833,20.259,-23,3,-13,-164,4,-989,2.064539909362793,-5.148935317993164,-20.259920120239258,-0.11840596050024033,-1.2655168771743774,-0.005780206061899662,0,0
2020-06-15,18:01:16,22.9030593,120.2730224,20.137,-46,11,6,-63,-30,-1009,4.818449974060059,-11.393028259277344,-20.137805938720703,-0.11181619018316269,-1.2562320232391357,0.012364810332655907,0,0
2020-06-15,18:01:19,22.9030811,120.2729674,20.009,122,37,22,-79,7,-1012,7.240811347961426,-17.035415649414062,-20.00977897644043,-0.10328709334135056,-1.2490580081939697,-0.01511391531676054,0,0
2020-06-15,18:01:22,22.9031032,120.2729148,20.134,41,-92,-68,-61,-71,-922,9.700695991516113,-22.42823028564453,-20.134174346923828,-0.09559247642755508,-1.2488679885864258,-0.022952929139137268,0,0
2020-06-15,18:01:25,22.9031143,120.2728566,19.924,36,169,-179,-71,-5,-1000,10.93407154083252,-28.39447021484375,-19.92474365234375,-0.16656866669654846,-2.2595620155334473,-0.05079645290970802,0,0
2020-06-15,18:01:28,22.9030794,120.2728098,19.782,32,29,-38,-47,9,-975,7.053250312805176,-33.196632385253906,-19.782981872558594,-0.06903506815433502,-2.375013589859009,0.00814337469637394,0,0
2020-06-15,18:01:31,22.9030435,120.2727681,19.968,28,38,38,-46,-2,-996,3.0520315170288086,-37.47710418701172,-19.968013763427734,-0.0653190016746521,-2.319326400756836,0.022250186651945114,0,0
2020-06-15,18:01:34,22.9030097,120.2727258,19.972,-5,24,-68,-25,-3,-972,-0.7043333053588867,-41.81529235839844,-19.972091674804688,-0.04272158816456795,-2.325993537902832,0.01227027177810669,0,0
2020-06-15,18:01:37,22.9029756,120.272684,20.033,-71,0,-32,-11,-35,-988,-4.5044026374816895,-46.10053634643555,-20.03339195251465,-0.03387008607387543,-2.309199094772339,0.03256199136376381,0,0
2020-06-15,18:01:40,22.9029437,120.2726428,20.092,3,2,-20,-76,40,-978,-8.057673454284668,-50.32551574707031,-20.092456817626953,-0.054584428668022156,-2.3859400749206543,0.014725770801305771,0,0
2020-06-15,18:01:43,22.9028994,120.2726251,20.052,45,28,-97,4,-77,-997,-13.00131893157959,-52.13683319091797,-20.05206871032715,-0.06567082554101944,2.876237630844116,-0.01607658341526985,0,0
2020-06-15,18:01:46,22.9028462,120.2726408,20.015,-3,18,-8,-2,-11,-997,-18.91683578491211,-50.523406982421875,-20.015483856201172,-0.046081021428108215,2.7714500427246094,-0.009156147949397564,0,0
2020-06-15,18:01:49,22.9027978,120.2726585,20.03,-25,23,33,3,-1,-1000,-24.304977416992188,-48.71784210205078,-20.03096580505371,-0.022303903475403786,2.792780876159668,0.0003486345522105694,0,0
2020-06-15,18:01:52,22.9027458,120.2726755,20.029,16,45,-97,33,-43,-979,-30.092544555664062,-46.97110366821289,-20.02946662902832,-0.018925052136182785,2.824294328689575,-0.00014778366312384605,0,0
2020-06-15,18:01:55,22.9026973,120.2726917,20.02,80,4,0,19,-58,-1013,-35.49068832397461,-45.30406188964844,-20.02068519592285,-0.023184478282928467,2.833444356918335,0.016972113400697708,0,0
2020-06-15,18:01:58,22.90264,120.2727116,20.092,-14,-18,38,-38,-7,-1007,-41.8740119934082,-43.27163314819336,-20.092191696166992,0.02131791040301323,2.9114720821380615,0.0424012616276741,0,0
2020-06-15,18:02:01,22.9025918,120.272728,20.128,-30,-20,-14,22,-97,-1012,-47.238704681396484,-41.581417083740234,-20.12879753112793,-0.024614784866571426,2.9109530448913574,0.08573690056800842,0,0
2020-06-15,18:02:04,22.9025491,120.2727398,20.003,98,39,-515,-54,-98,-990,-51.992610931396484,-40.375091552734375,-20.003414154052734,0.10938164591789246,2.4872231483459473,0.0039562080055475235,0,0
2020-06-15,18:02:07,22.9025639,120.2727636,19.956,17,48,-24,-16,66,-950,-50.340087890625,-37.940223693847656,-19.956329345703125,-0.05754560977220535,0.4315285086631775,-0.10555758327245712,0,0
2020-06-15,18:02:10,22.9026129,120.2727949,20.05,-36,-22,95,-36,123,-1012,-44.8894157409668,-34.73111343383789,-20.05093765258789,-0.05139380320906639,0.7035945057868958,-0.035633377730846405,0,0
2020-06-15,18:02:13,22.902651,120.2728264,19.918,-42,83,-75,-15,74,-981,-40.650657653808594,-31.491458892822266,-19.9188232421875,-0.045391060411930084,0.746859073638916,-0.05181878060102463,0,0
2020-06-15,18:02:16,22.9026891,120.2728604,20.007,-80,31,-61,-33,100,-998,-36.40174865722656,-28.01055145263672,-20.00775146484375,-0.06954723596572876,0.6818870306015015,-0.0772455558180809,0,0
2020-06-15,18:02:19,22.902736,120.2729004,20.125,18,10,-37,0,16,-1011,-31.183189392089844,-23.91098403930664,-20.12550926208496,-0.06347126513719559,0.640105128288269,-0.07708704471588135,0,0
2020-06-15,18:02:22,22.9027608,120.272943,20.161,-16,55,44,7,30,-1073,-28.429161071777344,-19.537750244140625,-20.161331176757812,-0.024283912032842636,1.7728263139724731,0.012836542911827564,0,0
2020-06-15,18:02:25,22.9027462,120.2729992,19.978,-71,-9,18,8,69,-997,-30.052623748779297,-13.774211883544922,-19.978782653808594,-0.0005558105185627937,1.7849502563476562,-0.021298471838235855,0,0
2020-06-15,18:02:28,22.9027312,120.2730564,20.026,5,10,8,31,-2,-1021,-31.71613311767578,-7.909919738769531,-20.026020050048828,0.004833899438381195,1.7652002573013306,-0.034778326749801636,0,0
2020-06-15,18:02:31,22.9027177,120.2731132,20.031,18,-14,59,20,1,-993,-33.226776123046875,-2.091419219970703,-20.031150817871094,-0.0017952797934412956,1.7927064895629883,-0.030000977218151093,0,0
2020-06-15,18:02:34,22.9027048,120.2731671,20.563,18,-31,-7,63,31,-1075,-34.65727233886719,3.443819046020508,-20.563459396362305,0.10937198996543884,1.8102037906646729,-0.02337806299328804,0,0
2020-06-15,18:02:37,22.9027043,120.2731707,25.959,18,10,6,52,-9,-975,-34.714481353759766,3.807713508605957,-25.959787368774414,0.05066715180873871,1.823214054107666,-0.01151368860155344,0,0
2020-06-15,18:02:40,22.9027097,120.2731702,29.848,-27,-12,-22,40,62,-941,-34.11250305175781,3.7623043060302734,-29.848642349243164,0.09480547159910202,1.82076895236969,-0.10279817134141922,0,0
2020-06-15,18:02:43,22.9027761,120.2731638,30.098,-114,-18,-1,107,108,-985,-26.726551055908203,3.1062545776367188,-30.098051071166992,0.1216282993555069,1.8072658777236938,-0.13324464857578278,0,0
2020-06-15,18:02:46,22.9028854,120.273151,30.078,88,-36,-27,121,42,-1017,-14.550904273986816,1.7870540618896484,-30.0781307220459,0.10374704748392105,1.7998478412628174,-0.12295020371675491,0,0
2020-06-15,18:02:49,22.9029925,120.2731352,30.174,-65,70,30,119,61,-935,-2.623767852783203,0.16926193237304688,-30.17469024658203,0.00401805154979229,1.8828343152999878,0.060949936509132385,0,0
2020-06-15,18:02:52,22.9030139,120.2731294,30.077,24,23,-14,90,18,-1032,-0.23665809631347656,-0.4280967712402344,-30.077260971069336,0.017824295908212662,1.839822769165039,-0.014083650894463062,0,0
2020-06-15,18:02:55,22.903016,120.2731339,29.748,114,-208,-61,42,-116,-996,-0.007015228271484375,0.033382415771484375,-29.748674392700195,0.05116770416498184,1.8194011449813843,0.04176178574562073,0,0
2020-06-15,18:02:58,22.9030144,120.2731346,26.377,130,-86,27,54,-99,-1030,-0.178802490234375,0.10947608947753906,-26.377777099609375,0.051486290991306305,1.8248050212860107,-0.018575318157672882,0,0
2020-06-15,18:03:01,22.9030158,120.2731347,21.824,-56,-537,75,59,-56,-1004,-0.02793121337890625,0.12267684936523438,-21.824186325073242,0.04838475584983826,1.8139981031417847,0.02068953961133957,0,0
2020-06-15,18:03:04,22.9030148,120.2731326,17.476,-102,139,52,57,98,-952,-0.1415996551513672,-0.09295272827148438,-17.476938247680664,0.04112643003463745,1.8076796531677246,0.019191652536392212,0,0
2020-06-15,18:03:07,22.9030142,120.2731333,12.817,108,23,-23,87,-6,-955,-0.2022552490234375,-0.030218124389648438,-12.817161560058594,0.042911577969789505,1.8604532480239868,-0.018555309623479843,0,0
2020-06-15,18:03:10,22.903016,120.2731331,9.561,-4,16,-16,64,-47,-1005,-0.007225990295410156,-0.04302024841308594,-9.561389923095703,0.02454764023423195,1.833140254020691,-0.0012667849659919739,0,0
2020-06-15,18:03:13,22.9030148,120.2731337,7.967,-36,-26,23,-8,21,-988,-0.13660144805908203,0.0154571533203125,-7.967202186584473,0.04281759634613991,1.8332151174545288,-0.013966531492769718,0,0
2020-06-15,18:03:16,22.9030149,120.2731339,6.542,69,-34,-1,45,-69,-1012,-0.1325674057006836,0.039119720458984375,-6.542305946350098,0.06311533600091934,1.8229626417160034,-0.032243113964796066,0,0
2020-06-15,18:03:19,22.9030155,120.2731343,5.096,137,55,19,87,-76,-986,-0.05700397491455078,0.07605552673339844,-5.096945285797119,0.061117321252822876,1.8363291025161743,-0.01288097444921732,0,0
2020-06-15,18:03:22,22.9030148,120.2731331,3.627,-8,4,10,134,28,-991,-0.13709163665771484,-0.041065216064453125,-3.6271169185638428,0.052781179547309875,1.8235156536102295,-0.0380701944231987,0,0
2020-06-15,18:03:25,22.9030153,120.2731339,2.073,-12,-12,-19,71,41,-1000,-0.08514404296875,0.03149223327636719,-2.0737946033477783,0.04344829544425011,1.8357136249542236,-0.030412841588258743,0,0
2020-06-15,18:03:28,22.9030157,120.273133,0.798,6,-5,0,-52,0,-1001,-0.034478187561035156,-0.05546379089355469,-0.7988278865814209,-0.052316565066576004,1.8253220319747925,-0.020285990089178085,0,0
2020-06-15,18:10:51,22.9030235,120.273104,0.037,-1,0,0,8,40,-995,-0.0038928985595703125,0.03078460693359375,-0.037583351135253906,-0.00860726460814476,0.43124064803123474,-0.03583727777004242,0,0
2020-06-15,18:10:54,22.9030227,120.273104,0.149,-6,11,-109,-48,-3,-1126,-0.098052978515625,0.03485107421875,-0.14993953704833984,-0.029073871672153473,0.3326171338558197,-0.03647087141871452,0,0
2020-06-15,18:10:57,22.903023,120.2731044,5.831,-17,-48,-45,-26,35,-1021,-0.05902576446533203,0.08115768432617188,-5.831445693969727,-0.018374543637037277,0.3858779966831207,-0.04645978659391403,0,0
2020-06-15,18:11:00,22.903024,120.2731051,12.645,-131,16,-30,27,111,-980,0.053885459899902344,0.15177154541015625,-12.645237922668457,-0.01138877309858799,0.3890995383262634,-0.07028541713953018,0,0
2020-06-15,18:11:03,22.9030225,120.2731023,19.081,-119,123,-16,-31,74,-886,-0.12213516235351562,-0.1342487335205078,-19.08192253112793,-0.0071600498631596565,0.4243645668029785,-0.11005730926990509,0,0
2020-06-15,18:11:06,22.9030199,120.2730634,20.14,63,40,-83,-66,-24,-969,-0.4050884246826172,-4.126106262207031,-20.14077377319336,-0.10897742956876755,-1.7541316747665405,0.012706311419606209,0,0
2020-06-15,18:11:09,22.9030132,120.2730014,20.132,25,-41,-39,-133,-69,-1024,-1.149775505065918,-10.48049545288086,-20.132827758789062,-0.10021471232175827,-1.7816598415374756,0.04714095965027809,0,0
2020-06-15,18:11:12,22.9030073,120.2729442,20.089,-31,-9,-43,-85,9,-984,-1.8056812286376953,-16.35073471069336,-20.089523315429688,-0.11660462617874146,-1.8079090118408203,-0.01681121438741684,0,0
2020-06-15,18:11:15,22.9030007,120.2728828,20.015,32,4,0,-90,-12,-991,-2.542140007019043,-22.65024185180664,-20.015634536743164,-0.12091126292943954,-1.8304232358932495,-0.037214286625385284,0,0
2020-06-15,18:11:18,22.9029906,120.2728275,19.976,120,-63,48,-63,-30,-983,-3.6718320846557617,-28.32208251953125,-19.976390838623047,-0.13981366157531738,-1.6802690029144287,0.03441189229488373,0,0
2020-06-15,18:11:21,22.9029848,120.2727648,19.972,135,13,13,-36,-85,-1006,-4.31597900390625,-34.74232482910156,-19.97211265563965,-0.10509206354618073,-1.7034063339233398,0.017013147473335266,0,0
2020-06-15,18:11:24,22.9029783,120.2727032,19.921,42,-21,14,-43,-79,-953,-5.033049583435059,-41.06307601928711,-19.92157554626465,-0.13234879076480865,-1.708256721496582,0.023419398814439774,0,0
2020-06-15,18:11:27,22.9029717,120.2726468,20.068,30,19,-1,-200,-6,-975,-5.766729354858398,-46.84975051879883,-20.06847381591797,-0.154526486992836,-1.7123538255691528,0.02482503280043602,0,0
2020-06-15,18:11:30,22.9029391,120.2726228,19.924,-30,19,-126,-57,-9,-990,-9.399982452392578,-49.31148147583008,-19.924047470092773,-0.015750864520668983,2.9825541973114014,0.05047287046909332,0,0
2020-06-15,18:11:33,22.9028889,120.2726284,19.887,-18,-15,30,-38,-121,-989,-14.995348930358887,-48.73397445678711,-19.887474060058594,-0.023952201008796692,2.975302219390869,0.10829310864210129,0,0
2020-06-15,18:11:36,22.9028403,120.2726341,19.971,4,24,37,-26,-56,-989,-20.408639907836914,-48.14907455444336,-19.97136878967285,-0.04353553056716919,2.972956895828247,0.07038863003253937,0,0
2020-06-15,18:11:39,22.9027868,120.2726396,19.983,90,42,47,42,-113,-994,-26.368749618530273,-47.581729888916016,-19.983951568603516,-0.025695163756608963,2.962721824645996,0.04228876531124115,0,0
2020-06-15,18:11:42,22.9027354,120.2726457,20.128,56,-12,27,25,-52,-970,-32.08601379394531,-46.960872650146484,-20.12820816040039,-0.016233766451478004,3.0023956298828125,0.04719262942671776,0,0
2020-06-15,18:11:45,22.9026818,120.2726649,19.929,16,56,-15,4,-53,-992,-38.05335235595703,-44.98921585083008,-19.929061889648438,0.03147225081920624,2.5651886463165283,0.02875753864645958,0,0
2020-06-15,18:11:48,22.9026346,120.2727008,19.995,20,2,91,113,-56,-958,-43.307350158691406,-41.3064079284668,-19.995777130126953,0.019588008522987366,2.636305332183838,0.09102436900138855,0,0
2020-06-15,18:11:51,22.9025896,120.2727316,20.198,27,-22,-7,28,-79,-982,-48.3182258605957,-38.14939498901367,-20.19863510131836,0.006891829892992973,2.613327741622925,0.08444253355264664,0,0
2020-06-15,18:11:54,22.9025409,120.2727638,19.965,51,39,-3,78,-50,-981,-53.734535217285156,-34.85388946533203,-19.965944290161133,0.030757058411836624,2.507126808166504,0.04307229071855545,0,0
2020-06-15,18:11:57,22.9024997,120.2727948,20.071,37,-74,-44,18,-47,-1008,-58.35328674316406,-31.646522521972656,-20.07134437561035,0.0041637904942035675,2.5315520763397217,0.06931048631668091,0,0
2020-06-15,18:12:00,22.9024517,120.2728269,19.975,-65,24,-48,53,6,-1006,-63.67226791381836,-28.376197814941406,-19.975505828857422,0.022825472056865692,2.484079599380493,0.03155232220888138,0,0
2020-06-15,18:12:03,22.9024077,120.2728602,19.912,49,53,73,40,-121,-1015,-68.5641860961914,-24.959945678710938,-19.912282943725586,0.009825017303228378,2.541518449783325,0.04755900800228119,0,0
2020-06-15,18:12:06,22.9023611,120.2728933,20.03,-35,-18,-62,31,-5,-996,-73.75902557373047,-21.569866180419922,-20.0302677154541,0.02358054742217064,2.557638645172119,0.05199475958943367,0,0
2020-06-15,18:12:09,22.9023155,120.2729255,20.087,61,8,20,-38,-75,-996,-78.83126068115234,-18.265213012695312,-20.08719253540039,0.015675682574510574,2.550813913345337,0.05191264674067497,0,0
2020-06-15,18:12:12,22.9022685,120.272959,20.015,36,13,25,-2,-49,-1015,-84.0604248046875,-14.837215423583984,-20.01542854309082,0.009547147899866104,2.5620102882385254,0.05477800592780113,0,0
2020-06-15,18:12:15,22.9022327,120.2729851,20.027,-8,-59,-315,115,-96,-1021,-88.04358673095703,-12.16141128540039,-20.027311325073242,0.14456026256084442,2.0121421813964844,-0.06291544437408447,0,0
2020-06-15,18:12:18,22.9022548,120.2730015,20.309,26,19,-22,-78,178,-942,-85.5831298828125,-10.475406646728516,-20.309602737426758,-0.11243289709091187,0.21290621161460876,-0.1549789160490036,0,0
2020-06-15,18:12:21,22.9023155,120.2730201,20.195,70,-116,19,-13,79,-1005,-78.83214569091797,-8.564249038696289,-20.19586181640625,-0.05838491767644882,0.504108726978302,-0.02655961737036705,0,0
2020-06-15,18:12:24,22.9023631,120.2730444,19.89,-77,50,-160,-78,141,-981,-73.52729034423828,-6.077596664428711,-19.890146255493164,-0.055335041135549545,0.48533904552459717,-0.08747100830078125,0,0
2020-06-15,18:12:27,22.9024116,120.273068,19.888,-7,8,11,-38,75,-933,-68.13319396972656,-3.654012680053711,-19.88837432861328,-0.08198371529579163,0.4340832233428955,-0.09834089875221252,0,0
2020-06-15,18:12:30,22.9024593,120.2730895,19.995,-51,-71,60,-111,95,-982,-62.82200241088867,-1.4525203704833984,-19.99559211730957,-0.09180710464715958,0.43831709027290344,-0.05823541060090065,0,0
2020-06-15,18:12:33,22.9025124,120.2731144,19.989,53,40,-30,-62,13,-996,-56.914546966552734,1.1025409698486328,-19.989971160888672,-0.07235623151063919,0.4167575240135193,-0.06533697247505188,0,0
2020-06-15,18:12:36,22.9025624,120.273139,20.136,119,2,53,-35,-4,-991,-51.34489440917969,3.6291122436523438,-20.136707305908203,-0.06727894395589828,0.3704518675804138,-0.07538619637489319,0,0
2020-06-15,18:12:39,22.9026139,120.273163,20.371,-96,-39,-77,-26,170,-914,-45.6141242980957,6.0893402099609375,-20.371028900146484,-0.06155034527182579,0.3575807809829712,-0.1342228353023529,0,0
2020-06-15,18:12:42,22.9026599,120.2731824,20.698,76,-102,-78,-105,84,-1091,-40.496253967285156,8.075064659118652,-20.698572158813477,0.05157169699668884,0.3143955171108246,-0.10151279717683792,0,0
2020-06-15,18:12:45,22.902662,120.2731818,25.937,83,-16,39,57,-11,-1020,-40.254329681396484,8.011726379394531,-25.937297821044922,-0.030053813010454178,0.2925371527671814,-0.06250125169754028,0,0
2020-06-15,18:12:48,22.9026659,120.2731839,29.675,4,72,7,9,109,-978,-39.82068634033203,8.231206893920898,-29.67508888244629,-0.11049909889698029,0.3041289150714874,-0.14355909824371338,0,0
2020-06-15,18:12:51,22.9027266,120.2731739,30.317,67,-59,-2,-123,120,-985,-33.0622444152832,7.205920219421387,-30.317779541015625,-0.12589898705482483,0.34249940514564514,-0.1863008737564087,0,0
2020-06-15,18:12:54,22.9028398,120.273146,30.056,-114,-103,5,-61,216,-927,-20.46259880065918,4.345064163208008,-30.056631088256836,-0.1514846831560135,0.3238706588745117,-0.14253173768520355,0,0
2020-06-15,18:12:57,22.9029519,120.2731214,30.143,98,-198,-34,8,138,-905,-7.973066329956055,1.8231239318847656,-30.143037796020508,-0.03930780291557312,0.3228291869163513,-0.11918123811483383,0,0
2020-06-15,18:13:00,22.9030207,120.2731024,30.241,-96,-32,9,18,134,-1013,-0.32187938690185547,-0.12480735778808594,-30.241256713867188,0.06142568588256836,0.30475616455078125,-0.04501008242368698,0,0
2020-06-15,18:13:03,22.9030229,120.2731031,29.787,-37,44,0,-11,160,-980,-0.07397079467773438,-0.05985069274902344,-29.78734016418457,-0.0037724552676081657,0.2946721911430359,-0.08552469313144684,0,0
2020-06-15,18:13:06,22.9030245,120.2731063,28.421,37,-74,-27,-31,71,-941,0.10346603393554688,0.26995086669921875,-28.42170524597168,-0.00583855714648962,0.2897460162639618,-0.12670539319515228,0,0
2020-06-15,18:13:09,22.9030228,120.2731034,24.204,154,11,-6,-20,12,-1005,-0.08534049987792969,-0.026372909545898438,-24.2045841217041,-0.05982929840683937,0.3222917318344116,-0.059500742703676224,0,0
2020-06-15,18:13:12,22.9030243,120.2731031,19.382,214,-254,-20,5,-103,-1084,0.0825204849243164,-0.053195953369140625,-19.382139205932617,0.01983306184411049,0.34613773226737976,-0.07271460443735123,0,0
2020-06-15,18:13:15,22.9030247,120.2731053,14.759,-90,123,46,-68,103,-964,0.12503528594970703,0.17191505432128906,-14.75941276550293,0.005010159686207771,0.3523176312446594,-0.0930374413728714,0,0
2020-06-15,18:13:18,22.9030247,120.2731056,10.694,5,13,18,48,119,-1041,0.12475013732910156,0.2048168182373047,-10.694018363952637,-0.006526514887809753,0.35613372921943665,-0.06570973247289658,0,0
2020-06-15,18:13:21,22.903024,120.2731035,8.907,-44,-20,-1,24,53,-1000,0.050510406494140625,-0.017452239990234375,-8.907306671142578,0.005182091146707535,0.33144164085388184,-0.05387125164270401,0,0
2020-06-15,18:13:24,22.9030241,120.2731046,7.463,59,-12,36,45,47,-992,0.06203937530517578,0.10010719299316406,-7.463988304138184,0.0069974493235349655,0.32430773973464966,-0.0541791208088398,0,0
2020-06-15,18:13:27,22.9030232,120.2731033,5.92,60,-83,-30,-18,15,-1051,-0.03632545471191406,-0.03838348388671875,-5.920031547546387,0.00035047903656959534,0.31434574723243713,-0.05218308046460152,0,0
2020-06-15,18:13:30,22.9030236,120.2731033,4.364,-27,43,-33,-9,119,-981,0.0044708251953125,-0.0361480712890625,-4.364336013793945,-0.0019254554063081741,0.35638803243637085,-0.016715623438358307,0,0
2020-06-15,18:13:33,22.9030241,120.273105,2.928,-46,15,-2,7,133,-982,0.05920124053955078,0.14345932006835938,-2.928119659423828,-3.145262598991394e-05,0.31487879157066345,-0.04460029676556587,0,0
2020-06-15,18:13:36,22.903023,120.2731027,1.387,27,-34,-96,-12,51,-990,-0.059378623962402344,-0.09582901000976562,-1.3872809410095215,-0.03138559311628342,0.3025946617126465,-0.00544917955994606,0,0
2020-06-15,18:13:39,22.9030233,120.2731039,-0.116,23,-52,-36,-57,-20,-1007,-0.03273773193359375,0.020734786987304688,0.11634433269500732,-0.02309407666325569,0.3166564702987671,-0.015409826301038265,0,0
2020-06-15,18:14:34,22.9030258,120.2730977,0.089,-4,4,-1,22,45,-998,-0.17872142791748047,-0.10901260375976562,-0.08904623985290527,0.005118455737829208,0.3264572024345398,-0.033887386322021484,0,0
2020-06-15,18:14:37,22.9030259,120.2730981,0.016,43,-182,-106,0,48,-1157,-0.17757892608642578,-0.07149696350097656,-0.021071553230285645,0.00667513906955719,0.29955828189849854,0.010362147353589535,0,0
2020-06-15,18:14:40,22.9030259,120.2730987,5.015,-20,24,-3,-70,129,-984,-0.16861629486083984,-0.003566741943359375,-5.015934467315674,-0.02643127180635929,0.24826553463935852,-0.04372067749500275,0,0
2020-06-15,18:14:43,22.9030252,120.2730997,11.815,87,39,3,-6,21,-1021,-0.2540264129638672,0.09646034240722656,-11.815705299377441,-0.033754222095012665,0.2637970745563507,-0.06907359510660172,0,0
2020-06-15,18:14:46,22.903025,120.2730967,18.773,-94,84,77,-49,123,-866,-0.26757049560546875,-0.21219444274902344,-18.77359390258789,-0.024325767531991005,0.29715946316719055,-0.0419720821082592,0,0
2020-06-15,18:14:49,22.903001,120.2730966,20.203,-36,-17,857,-5,-21,-915,-2.9415082931518555,-0.21935272216796875,-20.203622817993164,-0.08394327014684677,-3.138056993484497,0.07148640602827072,0,0
2020-06-15,18:14:52,22.9029491,120.2730909,20.051,-14,12,-18,0,-68,-1001,-8.719030380249023,-0.8061141967773438,-20.051513671875,-0.052909862250089645,-3.111114740371704,0.08425315469503403,0,0
2020-06-15,18:14:55,22.9028912,120.2730852,19.923,-9,-28,28,-25,-63,-1008,-15.173391342163086,-1.3928279876708984,-19.92353630065918,-0.04899917170405388,-3.1272096633911133,0.06695020943880081,0,0
2020-06-15,18:14:58,22.902835,120.2730817,19.947,-8,18,-6,-86,-67,-1010,-21.43738555908203,-1.7534408569335938,-19.947038650512695,-0.05642267316579819,-3.042311191558838,0.0779794305562973,0,0
2020-06-15,18:15:01,22.9027797,120.2730753,20.047,48,12,-1,14,-126,-1032,-27.593265533447266,-2.408336639404297,-20.047468185424805,-0.04141766205430031,-3.0954983234405518,0.06046203523874283,0,0
2020-06-15,18:15:04,22.902729,120.2730695,20.028,17,19,176,10,-81,-986,-33.239505767822266,-2.9957542419433594,-20.028432846069336,-0.06117849424481392,-2.7923097610473633,0.1307278424501419,0,0
2020-06-15,18:15:07,22.9026807,120.273045,20.007,38,-15,-45,-63,-85,-977,-38.607826232910156,-5.513391494750977,-20.007497787475586,-0.08127494901418686,-2.7858307361602783,0.05876375734806061,0,0
2020-06-15,18:15:10,22.9026332,120.2730219,19.95,8,5,-13,5,-128,-1021,-43.90297317504883,-7.877988815307617,-19.950519561767578,-0.07359044253826141,-2.744969606399536,0.07994358241558075,0,0
2020-06-15,18:15:13,22.902583,120.2729972,20.042,19,37,-25,-20,-69,-997,-49.49155807495117,-10.413482666015625,-20.042463302612305,-0.07170046865940094,-2.700767993927002,0.08501242846250534,0,0
2020-06-15,18:15:16,22.9025387,120.272973,20.056,136,101,366,-62,-170,-998,-54.41359329223633,-12.895587921142578,-20.056995391845703,0.014778031036257744,-2.488302707672119,0.1402372121810913,0,0
2020-06-15,18:15:19,22.9025469,120.272944,20.028,26,66,67,-56,-49,-1019,-53.500614166259766,-15.873210906982422,-20.028621673583984,-0.1728687584400177,-1.1328394412994385,-0.01708618551492691,0,0
2020-06-15,18:15:22,22.9025755,120.2728914,20.26,-4,-39,2,-38,102,-996,-50.32569122314453,-21.262542724609375,-20.26044464111328,-0.11915594339370728,-1.0613540410995483,-0.025530245155096054,0,0
2020-06-15,18:15:25,22.9026096,120.2728318,19.846,-46,18,-93,-85,72,-1070,-46.523406982421875,-27.37445068359375,-19.846893310546875,-0.08461422473192215,-1.0573593378067017,-0.061797913163900375,0,0
2020-06-15,18:15:28,22.9026362,120.2727818,19.896,-102,41,-67,-127,76,-1027,-43.565834045410156,-32.50157928466797,-19.896631240844727,-0.11701066046953201,-0.949842095375061,-0.037593498826026917,0,0
2020-06-15,18:15:31,22.9026671,120.2727321,19.795,-29,-45,-25,-190,70,-991,-40.12892150878906,-37.59619903564453,-19.7952880859375,-0.11316430568695068,-1.0352708101272583,-0.03639032691717148,0,0
2020-06-15,18:15:34,22.9026778,120.2727022,19.956,118,-29,-988,32,-154,-1009,-38.938514709472656,-40.663265228271484,-19.956743240356445,-0.12900960445404053,-2.7591135501861572,-0.015486412681639194,0,0
2020-06-15,18:15:37,22.9026241,120.2727044,19.949,-54,51,31,-1,-57,-995,-44.91609573364258,-40.43406295776367,-19.94928550720215,-0.018710818141698837,2.952613115310669,0.06129806488752365,0,0
2020-06-15,18:15:40,22.9025773,120.2727118,19.946,-11,-7,87,48,21,-988,-50.11848068237305,-39.67950439453125,-19.946271896362305,-0.02777739241719246,3.068270444869995,0.0707206279039383,0,0
2020-06-15,18:15:43,22.902528,120.2727165,20.116,-23,-21,34,7,-33,-964,-55.60784149169922,-39.19635009765625,-20.11644172668457,-0.0551314502954483,3.0850462913513184,0.05518052354454994,0,0
2020-06-15,18:15:46,22.902473,120.2727201,20.094,-78,-14,-31,32,-21,-989,-61.728721618652344,-38.82914352416992,-20.09467887878418,-0.035057928413152695,3.043731451034546,0.04068676009774208,0,0
2020-06-15,18:15:49,22.9024228,120.2727255,20.005,-51,-5,49,-84,27,-988,-67.3238296508789,-38.2711067199707,-20.00538444519043,-0.06090126186609268,3.0523288249969482,0.05481601879000664,0,0
2020-06-15,18:15:52,22.9023713,120.272734,19.992,-26,-95,-1181,26,11,-1018,-73.05018615722656,-37.40316390991211,-19.99213218688965,0.05657178908586502,2.4815120697021484,-0.09666390717029572,0,0
2020-06-15,18:15:55,22.9023671,120.272788,19.953,48,-76,-59,25,42,-1000,-73.51819610595703,-31.8638916015625,-19.95311164855957,-0.01985156163573265,1.3561123609542847,-0.06175006553530693,0,0
2020-06-15,18:15:58,22.9023738,120.2728434,19.995,-43,0,8,5,93,-983,-72.77489471435547,-26.146095275878906,-19.99611473083496,-0.003010357730090618,1.5588890314102173,-0.002699611708521843,0,0
2020-06-15,18:16:01,22.9023748,120.2729018,20.056,42,5,-13,-1,13,-1023,-72.6637954711914,-20.194194793701172,-20.05623435974121,-0.012751176953315735,1.5263547897338867,-0.03393789008259773,0,0
2020-06-15,18:16:04,22.9023755,120.2729619,20.097,-3,-1,-174,11,95,-984,-72.58344268798828,-14.034553527832031,-20.097049713134766,0.003692876547574997,1.4692846536636353,-0.04195164144039154,0,0
2020-06-15,18:16:07,22.9023792,120.2730199,20.06,78,-40,-39,7,7,-994,-72.17243194580078,-8.090351104736328,-20.06063461303711,0.01874484121799469,1.4830878973007202,-0.017310388386249542,0,0
2020-06-15,18:16:10,22.9023811,120.273081,20.044,118,13,-201,12,46,-1009,-71.96297454833984,-1.819366455078125,-20.04412841796875,-0.005560821853578091,1.4602913856506348,-0.041184864938259125,0,0
2020-06-15,18:16:13,22.9023837,120.2731379,20.063,-15,19,121,7,-52,-1015,-71.67134094238281,4.014570236206055,-20.063596725463867,-0.010140923783183098,1.4599332809448242,-0.020077180117368698,0,0
2020-06-15,18:16:16,22.9023859,120.2731976,20.162,3,71,-1,95,35,-1106,-71.4294662475586,10.13886833190918,-20.16297149658203,0.12144337594509125,1.4592961072921753,-0.032363634556531906,0,0
2020-06-15,18:16:19,22.9023886,120.2732075,24.492,35,-44,-13,81,50,-1000,-71.12446594238281,11.153629302978516,-24.492372512817383,0.03154691308736801,1.4814157485961914,-0.001175970770418644,0,0
2020-06-15,18:16:22,22.9023866,120.2732087,29.498,40,17,-25,40,0,-938,-71.34770202636719,11.272786140441895,-29.498964309692383,0.05768716335296631,1.4677703380584717,-0.14304977655410767,0,0
2020-06-15,18:16:25,22.9024375,120.2732028,30.131,116,19,-32,18,83,-1009,-65.67849731445312,10.674430847167969,-30.131874084472656,0.05486026406288147,1.3807480335235596,-0.18944528698921204,0,0
2020-06-15,18:16:28,22.9025369,120.2731869,30.112,25,-5,64,82,87,-951,-54.618587493896484,9.041142463684082,-30.112709045410156,0.06288964301347733,1.3811099529266357,-0.15370962023735046,0,0
2020-06-15,18:16:31,22.9026622,120.2731604,30.034,27,34,-30,61,79,-1009,-40.67356491088867,6.323450088500977,-30.034183502197266,0.03723182901740074,1.411462664604187,-0.11009291559457779,0,0
2020-06-15,18:16:34,22.9027879,120.2731366,30.102,104,23,-23,66,84,-951,-26.676408767700195,3.8762264251708984,-30.10207176208496,0.018989913165569305,1.4392987489700317,-0.13814902305603027,0,0
2020-06-15,18:22:19,22.9030177,120.2731195,-0.007,5,-4,5,50,24,-992,0.11618900299072266,0.09837532043457031,0.007140398025512695,0.023545321077108383,-1.5725458860397339,-0.008397986181080341,0,0
2020-06-15,18:22:22,22.9030179,120.2731224,0.026,-132,-161,-11,24,40,-1036,0.13986778259277344,0.3918170928955078,-0.026751160621643066,-0.005860954523086548,-1.5728861093521118,-0.014926659874618053,0,0
2020-06-15,18:22:25,22.9029827,120.2731213,2.328,60,34,-722,-22,49,-1026,-3.7822370529174805,0.27877044677734375,-2.3287384510040283,-0.12088141590356827,3.054885149002075,-0.01755688339471817,0,0
2020-06-15,18:22:28,22.9028826,120.2731331,7.811,44,77,3,-142,-8,-983,-14.935173988342285,1.4938831329345703,-7.811902046203613,-0.08018666505813599,2.9132208824157715,0.017270240932703018,0,0
2020-06-15,18:22:31,22.9027625,120.2731567,13.677,37,60,90,-11,-24,-1041,-28.299592971801758,3.912642478942871,-13.677423477172852,-0.06003604084253311,2.999265670776367,0.045276738703250885,0,0
2020-06-15,18:22:34,22.9026564,120.2731742,18.753,-17,262,41,-68,54,-869,-40.11625671386719,5.708248138427734,-18.75388526916504,-0.008660341612994671,3.0446910858154297,0.059231407940387726,0,0
2020-06-15,18:22:37,22.9025884,120.2731395,20.201,-75,-83,87,-163,-46,-988,-47.711631774902344,2.090147018432617,-20.20537757873535,-0.17637278139591217,-2.205585479736328,0.08415142446756363,0,0
2020-06-15,18:22:40,22.9025336,120.2730333,20.445,-25,17,-15,-110,1,-939,-53.78369140625,-8.743680953979492,-20.445669174194336,-0.1672854870557785,-2.047056198120117,0.060161981731653214,0,0
2020-06-15,18:22:43,22.902472,120.2729124,20.28,-49,119,-4,-113,-49,-1002,-60.64447784423828,-21.137374877929688,-20.28074073791504,-0.16161596775054932,-2.022644281387329,0.06001793593168259,0,0
2020-06-15,18:22:46,22.9024107,120.2727836,19.983,-2,-17,24,-259,18,-1013,-67.4612045288086,-34.34819030761719,-19.983745574951172,-0.1591908037662506,-1.992673635482788,0.03593124449253082,0,0
2020-06-15,18:22:49,22.9023637,120.2726833,19.83,100,-4,267,-109,-89,-1020,-72.69141387939453,-44.63127899169922,-19.83041763305664,-0.011547527275979519,-1.86001455783844,0.11119074374437332,0,0
2020-06-15,18:22:52,22.9023834,120.2726638,19.887,-111,18,943,-76,11,-988,-70.50714874267578,-46.629119873046875,-19.887279510498047,-0.2320435643196106,-0.1997053623199463,-0.08077678084373474,0,0
2020-06-15,18:22:55,22.9024787,120.2726508,19.988,-47,-36,-38,-177,101,-991,-59.896156311035156,-47.969520568847656,-19.98845100402832,-0.16767194867134094,-0.1700369268655777,-0.09382003545761108,0,0
2020-06-15,18:22:58,22.9025943,120.2726281,20.321,-118,95,52,-88,111,-1011,-47.02765655517578,-50.292808532714844,-20.321584701538086,-0.127022385597229,-0.10794495046138763,-0.05968703702092171,0,0
2020-06-15,18:23:01,22.9027235,120.272615,20.013,66,147,-5,-133,85,-1081,-32.64240646362305,-51.63783264160156,-20.01371192932129,-0.07156479358673096,-0.11243221163749695,-0.09515850245952606,0,0
2020-06-15,18:23:04,22.9027909,120.2726029,24.428,15,-78,45,-97,140,-1020,-25.143199920654297,-52.878822326660156,-24.428138732910156,-0.017026109620928764,-0.07488245517015457,-0.0045027956366539,0,0
2020-06-15,18:23:07,22.9027947,120.2726087,29.408,48,-11,-39,-115,66,-935,-24.716663360595703,-52.27924346923828,-29.40839195251465,-0.12079139053821564,-0.10228586196899414,0.04608410596847534,0,0
2020-06-15,18:23:10,22.9028167,120.2726629,30.21,-8,41,3,-59,-37,-1022,-22.26921844482422,-46.72288513183594,-30.210525512695312,-0.13546496629714966,-0.08114303648471832,0.08288781344890594,0,0
2020-06-15,18:23:13,22.9028659,120.2727748,30.104,16,26,10,-89,-20,-972,-16.791139602661133,-35.24980926513672,-30.104991912841797,-0.1330898106098175,-0.08823171257972717,0.021963508799672127,0,0
2020-06-15,18:23:16,22.9029169,120.2728872,30.095,22,-50,-33,-146,17,-987,-11.107298851013184,-23.721694946289062,-30.09514045715332,-0.14314347505569458,-0.09111081808805466,0.012820965610444546,0,0
2020-06-15,18:23:19,22.9029708,120.2730056,29.966,-161,-25,-27,-100,-1,-1017,-5.103261947631836,-11.578058242797852,-29.966346740722656,-0.09754373878240585,-0.0870715007185936,-0.007386091165244579,0,0
2020-06-15,18:23:22,22.9030132,120.2731031,29.867,-127,-3,0,-36,82,-1001,-0.38942432403564453,-1.581094741821289,-29.867565155029297,-0.035577692091464996,-0.10629566013813019,-0.11189328879117966,0,0
2020-06-15,18:23:25,22.9030169,120.2731173,29.887,30,27,-2,-43,64,-987,0.02592945098876953,-0.13143539428710938,-29.887800216674805,-0.07235325127840042,-0.10579849034547806,-0.03081391379237175,0,0
2020-06-15,18:23:28,22.9030153,120.2731185,29.749,59,55,0,-18,109,-863,-0.14873790740966797,0.0020275115966796875,-29.869583129882812,-0.0804455429315567,-0.10520996898412704,-0.04766150191426277,0,0
2020-06-15,18:23:31,22.9030162,120.2731192,25.598,19,2,-32,-96,42,-987,-0.047588348388671875,0.06308174133300781,-25.59877586364746,-0.07031413912773132,-0.1113104447722435,-0.05264647305011749,0,0
2020-06-15,18:23:34,22.903017,120.2731182,20.931,24,-47,33,-54,117,-1004,0.03843498229980469,-0.040630340576171875,-20.93115997314453,-0.05843580141663551,-0.11300508677959442,-0.022820740938186646,0,0
2020-06-15,18:23:37,22.9030154,120.2731171,16.383,49,-36,-149,16,9,-992,-0.09521293640136719,-0.08036041259765625,-16.812284469604492,-0.05572397634387016,-0.08510610461235046,-0.012999053113162518,0,0
2020-06-15,18:23:40,22.9030185,120.2731205,12.125,113,66,72,-30,57,-1015,0.20461177825927734,0.2000865936279297,-12.125972747802734,-0.04175958037376404,-0.09574809670448303,-0.07862444967031479,0,0
2020-06-15,18:23:43,22.9030169,120.2731172,9.273,-112,48,-20,-60,51,-1002,0.03070354461669922,-0.13509750366210938,-9.273897171020508,-0.04366397112607956,-0.11494645476341248,-0.03150910884141922,0,0
2020-06-15,18:23:46,22.9030162,120.2731187,7.706,-43,-4,0,-82,32,-1024,-0.05186271667480469,0.012895584106445312,-7.706899166107178,-0.04446878284215927,-0.1022772341966629,-0.03590577840805054,0,0
2020-06-15,18:23:49,22.9030162,120.2731191,6.333,60,-33,15,-76,26,-975,-0.05334281921386719,0.05259513854980469,-6.333085060119629,-0.05548286810517311,-0.11049152165651321,-0.006605230271816254,0,0
2020-06-15,18:23:52,22.9030169,120.2731189,4.577,-48,34,37,-52,92,-1012,0.03108978271484375,0.03968620300292969,-4.577375888824463,-0.05665409192442894,-0.10785040259361267,-0.019001208245754242,0,0
2020-06-15,18:23:55,22.9030168,120.2731189,3.124,-133,-13,-46,-70,114,-1021,0.021767616271972656,0.0363006591796875,-3.124342918395996,-0.0335649698972702,-0.08980760723352432,-0.020641405135393143,0,0
2020-06-15,18:23:58,22.903016,120.2731176,1.669,16,18,-19,8,9,-992,-0.0758056640625,-0.09350013732910156,-1.6695572137832642,-0.06492936611175537,-0.10287628322839737,0.010444331914186478,0,0
2020-06-15,18:24:01,22.9030163,120.2731184,0.172,-63,20,-19,4,-31,-980,-0.03779411315917969,-0.01416778564453125,-0.17258954048156738,-0.05858348682522774,-0.11949099600315094,-0.004452037625014782,0,0
2020-06-15,18:24:04,22.9030149,120.2731188,0.036,3,2,11,-20,0,-999,-0.19459056854248047,0.0231781005859375,-0.03652000427246094,-0.03644777461886406,-0.11296103149652481,0.003948001656681299,0,0
